{"cameraMode":{"drawMode":0,"name":"Shaded","section":"Shading Mode"},"sceneLighting":true,"audioPlay":false,"sceneViewState":{"showFog":true,"showMaterialUpdate":false,"showSkybox":true,"showFlares":true,"showImageEffects":true,"showParticleSystems":true},"in2DMode":false,"pivot":{"x":100.49996185302735,"y":-90.42835235595703,"z":196.0131378173828},"rotation":{"x":0.04546529799699783,"y":0.9328907132148743,"z":-0.3340021073818207,"w":0.12699845433235169},"size":753.421875,"orthographic":false}